StudentID,Name,Major,Year,Email
U2310001A,Tan Wei Ling,Computer Science,2,tan001@e.ntu.edu.sg
U2310002B,Ng Jia Hao,Data Science & AI,3,ng002@e.ntu.edu.sg
U2310003C,Lim Yi Xuan,Computer Engineering,4,lim003@e.ntu.edu.sg
U2310004D,Chong Zhi Hao,Information Engineering & Media,1,chong004@e.ntu.edu.sg
U2310005E,Wong Shu Hui,Computer Science,3,wong005@e.ntu.edu.sg
U3418801D,Ng Yi Xuan,Information Engineering & Media,2,ng001@e.ntu.edu.sg
U6350250X,Tan Jia Hao,Data Science & AI,4,tan002@e.ntu.edu.sg
U6174829Z,Sim Yi Xuan,Business & Computer Science,2,sim003@e.ntu.edu.sg
U9267518V,Tan Li Xuan,Computer Science,1,tan004@e.ntu.edu.sg
U5286587U,Go Jun Wei,Information Engineering & Media,2,go005@e.ntu.edu.sg
U2741153G,Quek Jia Hao,Computer Science,2,que006@e.ntu.edu.sg
U8209346A,Loh Xin Rui,Business & Computer Science,4,loh007@e.ntu.edu.sg
U7215704A,Tan Ying Jie,Data Science & AI,3,tan008@e.ntu.edu.sg
U5039204V,Quek Wei Ling,Information Engineering & Media,3,que009@e.ntu.edu.sg
U4995843Y,Sim Li Wei,Business & Computer Science,3,sim010@e.ntu.edu.sg
U3799079L,Yap Yi En,Computer Engineering,4,yap011@e.ntu.edu.sg
U8122222C,Koh Pei Xuan,Data Science & AI,1,koh012@e.ntu.edu.sg
U6198007D,Quek En Qi,Business & Computer Engineering,3,que013@e.ntu.edu.sg
U0598526H,Yeo Zhi Xin,Business & Computer Engineering,3,yeo014@e.ntu.edu.sg
U2541871K,Yeo Wen Ru,Computer Science,4,yeo015@e.ntu.edu.sg
U9141332J,Ong Ying Jie,Data Science & AI,1,ong016@e.ntu.edu.sg
U8463457J,Quek Pei Xuan,Computer Science,2,que017@e.ntu.edu.sg
U7973736C,Chew Jing Wen,Computer Engineering,1,che018@e.ntu.edu.sg
U9542705M,Lee Xin Yi,Information Engineering & Media,3,lee019@e.ntu.edu.sg
U5895657Q,Goh Yi En,Data Science & AI,3,goh020@e.ntu.edu.sg
U7399283J,Koh Wen Ru,Information Engineering & Media,1,koh021@e.ntu.edu.sg
U9183722X,Lim Jun Wei,Information Engineering & Media,2,lim022@e.ntu.edu.sg
U2970331W,Yap Kai Jie,Computer Engineering,3,yap023@e.ntu.edu.sg
U0257524G,Go Jia Hao,Information Engineering & Media,2,go024@e.ntu.edu.sg
U3606172D,Yap Jia Min,Computer Engineering,4,yap025@e.ntu.edu.sg
U9367073G,Go Jia Hao,Information Engineering & Media,4,go026@e.ntu.edu.sg
U8440416Y,Koh Xin Rui,Computer Engineering,1,koh027@e.ntu.edu.sg
U5537622V,Yap Jing Wen,Computer Science,3,yap028@e.ntu.edu.sg
U1123110U,Sim Li Ting,Information Engineering & Media,1,sim029@e.ntu.edu.sg
U0557477Y,Tan Li Xuan,Computer Science,3,tan030@e.ntu.edu.sg
U5216933J,Sim Yi En,Computer Science,2,sim031@e.ntu.edu.sg
U5035447D,Yeo Xin Yi,Computer Science,4,yeo032@e.ntu.edu.sg
U0768874C,Koh Pei Xuan,Computer Engineering,3,koh033@e.ntu.edu.sg
U5623882O,Chua Wen Jie,Business & Computer Science,2,chu034@e.ntu.edu.sg
U1614177R,Lim Yu Han,Computer Science,1,lim035@e.ntu.edu.sg
U8818896A,Yap Pei Xuan,Business & Computer Science,2,yap036@e.ntu.edu.sg
U7528979N,Teo Li Wei,Information Engineering & Media,2,teo037@e.ntu.edu.sg
U9467318L,Lim Li Xuan,Business & Computer Science,4,lim038@e.ntu.edu.sg
U5420830T,Loh Yu Han,Data Science & AI,1,loh039@e.ntu.edu.sg
U6931243P,Koh Jian Hong,Computer Science,2,koh040@e.ntu.edu.sg
U5090240O,Foo Xin Rui,Business & Computer Engineering,4,foo041@e.ntu.edu.sg
U9347164Y,Chua Kai Xin,Computer Engineering,3,chu042@e.ntu.edu.sg
U9231263R,Chua Zhi Wei,Computer Engineering,1,chu043@e.ntu.edu.sg
U8540402T,Yeo Zhi Wei,Business & Computer Engineering,3,yeo044@e.ntu.edu.sg
U7732080B,Chua Li Xuan,Information Engineering & Media,3,chu045@e.ntu.edu.sg
U1369017S,Yap En Qi,Computer Engineering,3,yap046@e.ntu.edu.sg
U2998599L,Lim Zhi Xin,Information Engineering & Media,4,lim047@e.ntu.edu.sg
U8233043J,Chia Wen Ru,Business & Computer Engineering,2,chi048@e.ntu.edu.sg
U5463971T,Koh Yi Xuan,Computer Science,2,koh049@e.ntu.edu.sg
U2809388F,Yap Kai Jie,Computer Engineering,4,yap050@e.ntu.edu.sg
U5767190N,Foo Ming Hui,Business & Computer Engineering,2,foo051@e.ntu.edu.sg
U6845681H,Foo Li Ting,Business & Computer Engineering,1,foo052@e.ntu.edu.sg
U1241017O,Foo Li Wei,Data Science & AI,2,foo053@e.ntu.edu.sg
U3036261K,Sim Xin Yi,Information Engineering & Media,1,sim054@e.ntu.edu.sg
U4636019G,Low Yu Han,Data Science & AI,2,low055@e.ntu.edu.sg
U9068309S,Koh Jia Xin,Data Science & AI,1,koh056@e.ntu.edu.sg
U9788423D,Ong Pei Xuan,Business & Computer Science,2,ong057@e.ntu.edu.sg
U1154171K,Lee Kai Jie,Information Engineering & Media,3,lee058@e.ntu.edu.sg
U3295309S,Goh Jun Wei,Computer Engineering,3,goh059@e.ntu.edu.sg
U8341606V,Tan Li Wei,Computer Science,4,tan060@e.ntu.edu.sg
U9414836Y,Ong Kai Jie,Data Science & AI,3,ong061@e.ntu.edu.sg
U6332999Y,Ng Li Xuan,Business & Computer Engineering,2,ng062@e.ntu.edu.sg
U1474019Q,Chia Li Wei,Business & Computer Engineering,3,chi063@e.ntu.edu.sg
U3575472R,Chua Xin Rui,Computer Engineering,3,chu064@e.ntu.edu.sg
U1411418U,Foo Hao Ran,Computer Engineering,1,foo065@e.ntu.edu.sg
U3777563R,Lim Jian Hong,Computer Science,2,lim066@e.ntu.edu.sg
U2375079W,Loh Jia Min,Information Engineering & Media,4,loh067@e.ntu.edu.sg
U4710728D,Low Li Ting,Business & Computer Science,3,low068@e.ntu.edu.sg
U4398908O,Chia Zhi Han,Business & Computer Engineering,3,chi069@e.ntu.edu.sg
U6201543D,Yeo Pei Xuan,Computer Engineering,1,yeo070@e.ntu.edu.sg
U0847059Z,Tan Zhi Wei,Data Science & AI,1,tan071@e.ntu.edu.sg
U3949391S,Ong Li Ting,Business & Computer Science,2,ong072@e.ntu.edu.sg
U1068654S,Loh Yu Han,Information Engineering & Media,3,loh073@e.ntu.edu.sg
U0598692T,Chia Yu Han,Business & Computer Science,2,chi074@e.ntu.edu.sg
U6786903B,Goh Yu Han,Computer Engineering,4,goh075@e.ntu.edu.sg
U9463548C,Yeo Rui En,Data Science & AI,1,yeo076@e.ntu.edu.sg
U0353853D,Go Ming Hui,Business & Computer Science,2,go077@e.ntu.edu.sg
U2942043T,Sim Yi Xuan,Computer Science,3,sim078@e.ntu.edu.sg
U7508241P,Lee Wen Ru,Computer Engineering,1,lee079@e.ntu.edu.sg
U1373632P,Goh Kai Jie,Computer Engineering,2,goh080@e.ntu.edu.sg
U8158654P,Yap Jian Hong,Business & Computer Engineering,3,yap081@e.ntu.edu.sg
U5664843O,Teo Ying Jie,Computer Engineering,4,teo082@e.ntu.edu.sg
U2345297E,Lim Jing Wen,Computer Science,4,lim083@e.ntu.edu.sg
U2775887V,Chan Rui Yang,Information Engineering & Media,1,cha084@e.ntu.edu.sg
U7953191E,Chua Hao Ran,Business & Computer Engineering,1,chu085@e.ntu.edu.sg
U2486298J,Lim Jian Hong,Computer Science,2,lim086@e.ntu.edu.sg
U2046895V,Ong Li Wei,Business & Computer Science,3,ong087@e.ntu.edu.sg
U5703899V,Tan Zhi Han,Business & Computer Science,1,tan088@e.ntu.edu.sg
U6707362M,Chua Jia Min,Business & Computer Science,2,chu089@e.ntu.edu.sg
U2306314B,Teo En Qi,Computer Engineering,3,teo090@e.ntu.edu.sg
U4065556Q,Go Li Ting,Data Science & AI,3,go091@e.ntu.edu.sg
U1146869N,Low Zhi Han,Business & Computer Engineering,2,low092@e.ntu.edu.sg
U1980039V,Chia Wen Ru,Computer Engineering,4,chi093@e.ntu.edu.sg
U7565665B,Sim Yi En,Data Science & AI,1,sim094@e.ntu.edu.sg
U5860287O,Teo Li Ting,Data Science & AI,4,teo095@e.ntu.edu.sg
U0134260U,Low Jia Xin,Business & Computer Science,4,low096@e.ntu.edu.sg
U5036794Z,Go Zhi Xin,Computer Science,1,go097@e.ntu.edu.sg
U9464804L,Loh Yi En,Business & Computer Science,3,loh098@e.ntu.edu.sg
U1844620Y,Chia Rui Yang,Computer Engineering,3,chi099@e.ntu.edu.sg
U1047463Z,Yeo Wen Ru,Computer Science,4,yeo100@e.ntu.edu.sg
U5973881O,Teo Zhi Xin,Computer Science,4,teo101@e.ntu.edu.sg
U1078729K,Koh Wei Ling,Business & Computer Engineering,1,koh102@e.ntu.edu.sg
U3130870F,Ng Wen Ru,Business & Computer Engineering,2,ng103@e.ntu.edu.sg
U7063515N,Ong Hao Ran,Computer Engineering,1,ong104@e.ntu.edu.sg
U5269939P,Foo Li Wei,Business & Computer Engineering,4,foo105@e.ntu.edu.sg
U7664335S,Chan Kai Xin,Business & Computer Engineering,4,cha106@e.ntu.edu.sg
U6631891X,Lim Zhi Han,Business & Computer Engineering,4,lim107@e.ntu.edu.sg
U3892747V,Tan Jia Hao,Information Engineering & Media,3,tan108@e.ntu.edu.sg
U2598752G,Low Yi En,Information Engineering & Media,4,low109@e.ntu.edu.sg
U7768325E,Quek Yu Han,Business & Computer Engineering,1,que110@e.ntu.edu.sg
U8186155R,Quek Hao Ran,Computer Science,4,que111@e.ntu.edu.sg
U5401926K,Quek Wei Ling,Business & Computer Science,4,que112@e.ntu.edu.sg
U5030946F,Teo En Qi,Computer Science,3,teo113@e.ntu.edu.sg
U0299268B,Lim Yi Xuan,Business & Computer Science,1,lim114@e.ntu.edu.sg
U6089880O,Sim Yu Han,Data Science & AI,3,sim115@e.ntu.edu.sg
U7791046K,Yap Ming Hui,Computer Science,3,yap116@e.ntu.edu.sg
U0321179K,Low Yi Xuan,Business & Computer Engineering,4,low117@e.ntu.edu.sg
U1632233H,Goh Pei Xuan,Business & Computer Science,1,goh118@e.ntu.edu.sg
U8220534F,Yeo Yi Xuan,Business & Computer Engineering,3,yeo119@e.ntu.edu.sg
U7677067Z,Yap Hao Ran,Computer Science,4,yap120@e.ntu.edu.sg
U5391771E,Go Yi En,Computer Science,2,go121@e.ntu.edu.sg
U1746446V,Ng Wei Ling,Data Science & AI,4,ng122@e.ntu.edu.sg
U6497974F,Ong Wei Ling,Business & Computer Engineering,3,ong123@e.ntu.edu.sg
U4095442S,Ng Yi En,Business & Computer Engineering,3,ng124@e.ntu.edu.sg
U0952011O,Koh Jia Min,Computer Engineering,4,koh125@e.ntu.edu.sg
U1274673G,Chua Jia Hao,Business & Computer Engineering,1,chu126@e.ntu.edu.sg
U4905876K,Go Hao Ran,Information Engineering & Media,2,go127@e.ntu.edu.sg
U6201278F,Chia Kai Xin,Computer Engineering,4,chi128@e.ntu.edu.sg
U4739910X,Loh Jun Wei,Data Science & AI,4,loh129@e.ntu.edu.sg
U7273747K,Go Zhi Wei,Computer Engineering,4,go130@e.ntu.edu.sg
U0723014C,Lee Wen Jie,Computer Science,1,lee131@e.ntu.edu.sg
U4534332S,Lee Rui En,Information Engineering & Media,1,lee132@e.ntu.edu.sg
U4928907V,Yap Jun Wei,Business & Computer Science,1,yap133@e.ntu.edu.sg
U5544718B,Tan En Qi,Information Engineering & Media,3,tan134@e.ntu.edu.sg
U7311313X,Yeo Pei Xuan,Business & Computer Science,1,yeo135@e.ntu.edu.sg
U7000348H,Low Jia Hao,Information Engineering & Media,3,low136@e.ntu.edu.sg
U7252501A,Tan Jing Wen,Information Engineering & Media,1,tan137@e.ntu.edu.sg
U3298149B,Ong Kai Xin,Business & Computer Engineering,4,ong138@e.ntu.edu.sg
U0910328G,Teo Jing Wen,Computer Science,3,teo139@e.ntu.edu.sg
U7802404R,Ong Pei Xuan,Business & Computer Science,1,ong140@e.ntu.edu.sg
U9563583Q,Teo Jia Xin,Business & Computer Science,1,teo141@e.ntu.edu.sg
U6565555H,Chan Jing Wen,Information Engineering & Media,4,cha142@e.ntu.edu.sg
U7966147V,Go Jia Min,Computer Engineering,3,go143@e.ntu.edu.sg
U5243089C,Loh Yu Han,Information Engineering & Media,2,loh144@e.ntu.edu.sg
U6286783X,Goh Jia Hao,Computer Engineering,4,goh145@e.ntu.edu.sg
U4760620Y,Go Wei Ling,Computer Engineering,2,go146@e.ntu.edu.sg
U5465052P,Tan Zhi Xin,Business & Computer Engineering,4,tan147@e.ntu.edu.sg
U5934815Q,Ng Xin Yi,Computer Science,3,ng148@e.ntu.edu.sg
U8191300R,Chan Zhi Xin,Computer Engineering,4,cha149@e.ntu.edu.sg
U7824687M,Koh Jun Wei,Computer Engineering,4,koh150@e.ntu.edu.sg
U1860367J,Loh Wen Ru,Computer Engineering,4,loh151@e.ntu.edu.sg
U5903779B,Koh Ming Hui,Information Engineering & Media,2,koh152@e.ntu.edu.sg
U8467208Z,Goh Yu Han,Business & Computer Engineering,2,goh153@e.ntu.edu.sg
U4075340B,Chew Hao Ran,Data Science & AI,3,che154@e.ntu.edu.sg
U2250651V,Quek Li Wei,Computer Engineering,3,que155@e.ntu.edu.sg
U3561786G,Quek Yi En,Data Science & AI,3,que156@e.ntu.edu.sg
U1184272H,Low Jia Hao,Data Science & AI,2,low157@e.ntu.edu.sg
U9072919E,Lim Yu Han,Computer Engineering,1,lim158@e.ntu.edu.sg
U8881136K,Chua Zhi Han,Computer Science,3,chu159@e.ntu.edu.sg
U0428720A,Yeo Wei Ling,Data Science & AI,2,yeo160@e.ntu.edu.sg
U6600054U,Yap Yu Han,Computer Engineering,1,yap161@e.ntu.edu.sg
U0373092N,Chew Hao Ran,Business & Computer Science,1,che162@e.ntu.edu.sg
U4351674Z,Chew Ying Jie,Data Science & AI,2,che163@e.ntu.edu.sg
U9229797Z,Chia Zhi Han,Business & Computer Science,3,chi164@e.ntu.edu.sg
U4113134M,Quek Li Wei,Data Science & AI,3,que165@e.ntu.edu.sg
U7988088B,Yeo Yu Han,Business & Computer Science,3,yeo166@e.ntu.edu.sg
U3333122G,Chan Pei Xuan,Business & Computer Science,4,cha167@e.ntu.edu.sg
U5951883R,Foo Jing Wen,Computer Science,3,foo168@e.ntu.edu.sg
U2090677U,Foo Wei Ling,Information Engineering & Media,4,foo169@e.ntu.edu.sg
U3092036P,Chew Hao Ran,Information Engineering & Media,3,che170@e.ntu.edu.sg
U3079766X,Go Rui Yang,Computer Science,1,go171@e.ntu.edu.sg
U4223421J,Koh Rui En,Information Engineering & Media,4,koh172@e.ntu.edu.sg
U2183320X,Chew Yi Xuan,Computer Engineering,1,che173@e.ntu.edu.sg
U8848416V,Goh Xue Ying,Information Engineering & Media,1,goh174@e.ntu.edu.sg
U0569815M,Ong Jia Hao,Data Science & AI,3,ong175@e.ntu.edu.sg
U9231542G,Teo Rui Yang,Business & Computer Science,3,teo176@e.ntu.edu.sg
U2752982B,Loh Rui En,Data Science & AI,1,loh177@e.ntu.edu.sg
U2680272Q,Lee Ming Hui,Information Engineering & Media,2,lee178@e.ntu.edu.sg
U7977971H,Go Jia Hao,Computer Engineering,1,go179@e.ntu.edu.sg
U0955760F,Goh Xin Yi,Information Engineering & Media,4,goh180@e.ntu.edu.sg
U8587014Y,Ng Zhi Han,Computer Science,1,ng181@e.ntu.edu.sg
U4117584E,Sim Ming Hui,Data Science & AI,2,sim182@e.ntu.edu.sg
U6500473B,Foo Xin Rui,Business & Computer Science,2,foo183@e.ntu.edu.sg
U2166587A,Go En Qi,Computer Engineering,4,go184@e.ntu.edu.sg
U2805381Y,Yap En Qi,Computer Engineering,4,yap185@e.ntu.edu.sg
U6334823W,Koh Ying Jie,Computer Science,4,koh186@e.ntu.edu.sg
U7979837J,Yeo Zhi Xin,Computer Science,1,yeo187@e.ntu.edu.sg
U7083496H,Koh Li Wei,Data Science & AI,4,koh188@e.ntu.edu.sg
U0827197C,Ng Wei Ling,Information Engineering & Media,3,ng189@e.ntu.edu.sg
U5808053V,Tan Yi En,Business & Computer Engineering,2,tan190@e.ntu.edu.sg
U3838941N,Sim Hao Ran,Information Engineering & Media,2,sim191@e.ntu.edu.sg
U0646537H,Chew Yi En,Business & Computer Science,3,che192@e.ntu.edu.sg
U2225631F,Goh Wei Ling,Data Science & AI,4,goh193@e.ntu.edu.sg
U3965995K,Lim Yi Xuan,Business & Computer Science,1,lim194@e.ntu.edu.sg
U7086573N,Goh Wen Ru,Computer Science,1,goh195@e.ntu.edu.sg
U4463595E,Quek Wen Jie,Business & Computer Science,4,que196@e.ntu.edu.sg
U1553448B,Chew Jing Wen,Computer Science,4,che197@e.ntu.edu.sg
U3849552E,Foo Wen Jie,Data Science & AI,2,foo198@e.ntu.edu.sg
U3966575W,Teo Yi En,Computer Engineering,4,teo199@e.ntu.edu.sg
U6092959Z,Yap Yi Xuan,Information Engineering & Media,2,yap200@e.ntu.edu.sg
U9722895U,Ng Li Xuan,Computer Engineering,3,ng201@e.ntu.edu.sg
U8408453D,Ong Xin Yi,Information Engineering & Media,4,ong202@e.ntu.edu.sg
U0317074A,Ng Hao Ran,Information Engineering & Media,2,ng203@e.ntu.edu.sg
U4942299U,Yeo Xin Yi,Data Science & AI,3,yeo204@e.ntu.edu.sg
U7954584M,Chew Ying Jie,Business & Computer Science,2,che205@e.ntu.edu.sg
U3393676D,Yeo Jing Wen,Computer Science,4,yeo206@e.ntu.edu.sg
U6585321V,Ong Wen Jie,Information Engineering & Media,2,ong207@e.ntu.edu.sg
U0566939B,Foo Jun Wei,Data Science & AI,4,foo208@e.ntu.edu.sg
U1865113N,Chew Yu Han,Computer Engineering,2,che209@e.ntu.edu.sg
U9954530B,Goh Hao Ran,Business & Computer Science,2,goh210@e.ntu.edu.sg
U3369119W,Tan Wen Jie,Business & Computer Science,3,tan211@e.ntu.edu.sg
U0816601F,Sim Zhi Wei,Information Engineering & Media,1,sim212@e.ntu.edu.sg
U6515368T,Quek Ming Hui,Business & Computer Engineering,1,que213@e.ntu.edu.sg
U0635680Y,Quek Kai Xin,Computer Engineering,2,que214@e.ntu.edu.sg
U5331782W,Sim Yi Xuan,Computer Science,4,sim215@e.ntu.edu.sg
U4274951N,Yap Zhi Han,Computer Engineering,2,yap216@e.ntu.edu.sg
U6018393H,Sim Li Xuan,Information Engineering & Media,3,sim217@e.ntu.edu.sg
U8444008W,Yap Zhi Xin,Computer Science,4,yap218@e.ntu.edu.sg
U9018152Q,Low Wen Ru,Business & Computer Science,4,low219@e.ntu.edu.sg
U8665409A,Quek Ming Hui,Data Science & AI,2,que220@e.ntu.edu.sg
U8476212Y,Foo Li Xuan,Information Engineering & Media,1,foo221@e.ntu.edu.sg
U2692958R,Low Xin Rui,Business & Computer Science,3,low222@e.ntu.edu.sg
U5092699D,Lee Jia Xin,Information Engineering & Media,2,lee223@e.ntu.edu.sg
U1560119Y,Tan Xue Ying,Business & Computer Science,2,tan224@e.ntu.edu.sg
U1811224A,Chia Wen Jie,Computer Science,1,chi225@e.ntu.edu.sg
U1102453X,Chua Wen Jie,Computer Science,1,chu226@e.ntu.edu.sg
U9474676J,Chua Wei Ling,Computer Engineering,4,chu227@e.ntu.edu.sg
U5478233Z,Chia Wei Ling,Data Science & AI,1,chi228@e.ntu.edu.sg
U1723074A,Tan Yi Xuan,Computer Science,4,tan229@e.ntu.edu.sg
U1906399P,Go Xin Yi,Computer Science,2,go230@e.ntu.edu.sg
U8993015Z,Low Yi Xuan,Data Science & AI,3,low231@e.ntu.edu.sg
U6288957E,Quek Kai Xin,Computer Science,3,que232@e.ntu.edu.sg
U3400954B,Chan Kai Xin,Data Science & AI,2,cha233@e.ntu.edu.sg
U4332360V,Go Wen Ru,Business & Computer Engineering,4,go234@e.ntu.edu.sg
U8180513O,Tan Li Ting,Computer Science,1,tan235@e.ntu.edu.sg
U1067146M,Chew Hao Ran,Business & Computer Science,1,che236@e.ntu.edu.sg
U3876949V,Loh Hao Ran,Business & Computer Science,2,loh237@e.ntu.edu.sg
U5333942J,Go Li Wei,Business & Computer Science,1,go238@e.ntu.edu.sg
U0518847O,Chan Zhi Han,Computer Science,3,cha239@e.ntu.edu.sg
U5588961S,Tan Xin Yi,Information Engineering & Media,3,tan240@e.ntu.edu.sg
U9062907U,Tan Ying Jie,Data Science & AI,4,tan241@e.ntu.edu.sg
U9181981O,Tan En Qi,Data Science & AI,1,tan242@e.ntu.edu.sg
U0803041A,Teo Xin Yi,Business & Computer Engineering,4,teo243@e.ntu.edu.sg
U3501877U,Yeo Zhi Han,Computer Science,2,yeo244@e.ntu.edu.sg
U7710235G,Sim Rui En,Computer Engineering,3,sim245@e.ntu.edu.sg
U3182464W,Go Zhi Wei,Business & Computer Science,1,go246@e.ntu.edu.sg
U6241772F,Chew Yi En,Computer Science,4,che247@e.ntu.edu.sg
U3437724J,Chan Wen Jie,Computer Science,2,cha248@e.ntu.edu.sg
U9031549E,Chew Ying Jie,Business & Computer Engineering,1,che249@e.ntu.edu.sg
U0244825T,Chia Li Wei,Computer Science,4,chi250@e.ntu.edu.sg
U1475337G,Chua Wen Jie,Business & Computer Science,3,chu251@e.ntu.edu.sg
U3670562Z,Chan Li Ting,Computer Science,3,cha252@e.ntu.edu.sg
U3817059E,Foo Ying Jie,Computer Engineering,3,foo253@e.ntu.edu.sg
U7293175Z,Ong Kai Jie,Information Engineering & Media,2,ong254@e.ntu.edu.sg
U1887623B,Yeo Jia Min,Computer Engineering,3,yeo255@e.ntu.edu.sg
U0978837M,Go Jia Min,Information Engineering & Media,3,go256@e.ntu.edu.sg
U9873938Z,Loh Jia Min,Computer Engineering,4,loh257@e.ntu.edu.sg
U5792950B,Tan Yu Han,Data Science & AI,1,tan258@e.ntu.edu.sg
U4973173P,Chia Hao Ran,Computer Engineering,2,chi259@e.ntu.edu.sg
U4365945Z,Goh Kai Xin,Computer Science,2,goh260@e.ntu.edu.sg
U4547609H,Sim Rui En,Business & Computer Engineering,4,sim261@e.ntu.edu.sg
U7916891H,Koh Wen Jie,Computer Engineering,1,koh262@e.ntu.edu.sg
U9358296D,Lim Xue Ying,Information Engineering & Media,2,lim263@e.ntu.edu.sg
U5887915T,Goh Jing Wen,Computer Science,3,goh264@e.ntu.edu.sg
U7462632G,Sim Jia Xin,Computer Science,2,sim265@e.ntu.edu.sg
U4614585N,Go Xin Yi,Information Engineering & Media,1,go266@e.ntu.edu.sg
U9971958J,Lee Yu Han,Information Engineering & Media,4,lee267@e.ntu.edu.sg
U4929887M,Foo Xin Rui,Business & Computer Science,4,foo268@e.ntu.edu.sg
U8734707S,Chan Wen Jie,Information Engineering & Media,4,cha269@e.ntu.edu.sg
U3165496Z,Chan Wen Jie,Computer Engineering,4,cha270@e.ntu.edu.sg
U1335176M,Koh En Qi,Business & Computer Science,4,koh271@e.ntu.edu.sg
U7042123V,Chia Ming Hui,Computer Engineering,2,chi272@e.ntu.edu.sg
U7237404P,Go Zhi Xin,Business & Computer Engineering,4,go273@e.ntu.edu.sg
U8791895J,Quek Zhi Wei,Information Engineering & Media,3,que274@e.ntu.edu.sg
U1290393W,Ong Li Ting,Data Science & AI,3,ong275@e.ntu.edu.sg
U3040460E,Yeo Zhi Xin,Business & Computer Science,3,yeo276@e.ntu.edu.sg
U0343661F,Lee Zhi Wei,Business & Computer Science,4,lee277@e.ntu.edu.sg
U3198331U,Tan Jing Wen,Computer Engineering,4,tan278@e.ntu.edu.sg
U4443000J,Goh Zhi Wei,Data Science & AI,2,goh279@e.ntu.edu.sg
U8908186H,Lim Ming Hui,Business & Computer Science,4,lim280@e.ntu.edu.sg
U2428886Y,Ng Jing Wen,Business & Computer Engineering,1,ng281@e.ntu.edu.sg
U6270467U,Loh Hao Ran,Business & Computer Engineering,2,loh282@e.ntu.edu.sg
U8271844G,Tan Rui Yang,Computer Science,4,tan283@e.ntu.edu.sg
U9416161J,Loh Ming Hui,Computer Science,3,loh284@e.ntu.edu.sg
U1683616V,Teo Xin Yi,Data Science & AI,4,teo285@e.ntu.edu.sg
U1348813Q,Ng Yi Xuan,Business & Computer Engineering,4,ng286@e.ntu.edu.sg
U2359926R,Sim Li Wei,Business & Computer Engineering,1,sim287@e.ntu.edu.sg
U8927267L,Lee Yi Xuan,Business & Computer Science,3,lee288@e.ntu.edu.sg
U1242867F,Lim Xue Ying,Information Engineering & Media,4,lim289@e.ntu.edu.sg
U3988821C,Chua Jia Min,Information Engineering & Media,2,chu290@e.ntu.edu.sg
U3255375B,Chan Ying Jie,Business & Computer Science,3,cha291@e.ntu.edu.sg
U5231296L,Low Li Ting,Computer Science,4,low292@e.ntu.edu.sg
U1802982V,Sim En Qi,Data Science & AI,1,sim293@e.ntu.edu.sg
U1360975N,Quek Rui Yang,Business & Computer Science,2,que294@e.ntu.edu.sg
U7464550F,Lee Wen Ru,Business & Computer Engineering,1,lee295@e.ntu.edu.sg
U4673566P,Yeo Li Ting,Computer Engineering,3,yeo296@e.ntu.edu.sg
U6806807S,Koh Wen Jie,Computer Engineering,4,koh297@e.ntu.edu.sg
U5337753A,Low Li Wei,Information Engineering & Media,2,low298@e.ntu.edu.sg
U1196436X,Chew Hao Ran,Computer Engineering,1,che299@e.ntu.edu.sg
U1112220I,Koh Yi En,Computer Engineering,1,koh300@e.ntu.edu.sg
U3271292A,Foo Wen Ru,Data Science & AI,2,foo301@e.ntu.edu.sg
U3471105S,Ng Jing Wen,Computer Science,2,ng302@e.ntu.edu.sg
U4292904X,Chua Jia Min,Information Engineering & Media,2,chu303@e.ntu.edu.sg
U7618654L,Low Kai Xin,Computer Engineering,4,low304@e.ntu.edu.sg
U7130166L,Lee Zhi Wei,Business & Computer Engineering,4,lee305@e.ntu.edu.sg
U7671259E,Teo Jian Hong,Business & Computer Engineering,3,teo306@e.ntu.edu.sg
U8359146K,Chew Yi En,Data Science & AI,3,che307@e.ntu.edu.sg
U7275324T,Ong Wei Ling,Information Engineering & Media,2,ong308@e.ntu.edu.sg
U1347819C,Sim Xue Ying,Data Science & AI,4,sim309@e.ntu.edu.sg
U4023802V,Ong Jun Wei,Data Science & AI,3,ong310@e.ntu.edu.sg
U6121959L,Chan Wen Ru,Information Engineering & Media,2,cha311@e.ntu.edu.sg
U9414184R,Ong Kai Jie,Computer Engineering,4,ong312@e.ntu.edu.sg
U0757225A,Koh Yi Xuan,Computer Science,4,koh313@e.ntu.edu.sg
U2857452L,Ng Zhi Xin,Computer Engineering,1,ng314@e.ntu.edu.sg
U4410235Y,Foo Ying Jie,Data Science & AI,3,foo315@e.ntu.edu.sg
U2078810U,Yeo En Qi,Data Science & AI,4,yeo316@e.ntu.edu.sg
U6407188B,Quek Jia Hao,Data Science & AI,1,que317@e.ntu.edu.sg
U2628483J,Low Jia Min,Data Science & AI,4,low318@e.ntu.edu.sg
U5238275Y,Quek Li Wei,Information Engineering & Media,4,que319@e.ntu.edu.sg
U3081295P,Yeo Yi Xuan,Computer Engineering,4,yeo320@e.ntu.edu.sg
U3170638H,Chua Jia Min,Data Science & AI,3,chu321@e.ntu.edu.sg
U3393513F,Teo Jia Hao,Information Engineering & Media,4,teo322@e.ntu.edu.sg
U2887647A,Koh Li Xuan,Business & Computer Engineering,1,koh323@e.ntu.edu.sg
U3952920M,Sim Wei Ling,Computer Engineering,3,sim324@e.ntu.edu.sg
U2671907G,Tan Yi En,Business & Computer Science,2,tan325@e.ntu.edu.sg
U2481129M,Sim Jun Wei,Computer Science,1,sim326@e.ntu.edu.sg
U3702225X,Yap Xin Yi,Business & Computer Engineering,3,yap327@e.ntu.edu.sg
U0164749A,Goh Kai Jie,Data Science & AI,1,goh328@e.ntu.edu.sg
U0144407E,Ng Yi Xuan,Business & Computer Engineering,2,ng329@e.ntu.edu.sg
U3479391M,Chua Kai Xin,Business & Computer Engineering,4,chu330@e.ntu.edu.sg
U9868113N,Lim Yi Xuan,Computer Science,1,lim331@e.ntu.edu.sg
U0613827L,Yap Yi Xuan,Business & Computer Engineering,2,yap332@e.ntu.edu.sg
U4674324E,Goh Zhi Han,Computer Engineering,2,goh333@e.ntu.edu.sg
U1486841I,Chua En Qi,Business & Computer Engineering,2,chu334@e.ntu.edu.sg
U0011787E,Low En Qi,Business & Computer Science,3,low335@e.ntu.edu.sg
U6611217A,Yeo Kai Jie,Computer Engineering,4,yeo336@e.ntu.edu.sg
U7838660B,Chua Jing Wen,Business & Computer Science,4,chu337@e.ntu.edu.sg
U6338580F,Quek Ying Jie,Information Engineering & Media,1,que338@e.ntu.edu.sg
U2687596N,Tan En Qi,Business & Computer Engineering,1,tan339@e.ntu.edu.sg
U0141981B,Goh Jia Min,Business & Computer Science,2,goh340@e.ntu.edu.sg
U8710096B,Sim Jia Hao,Data Science & AI,3,sim341@e.ntu.edu.sg
U1250270J,Go Ying Jie,Business & Computer Engineering,2,go342@e.ntu.edu.sg
U5174841X,Yap Wen Ru,Business & Computer Engineering,4,yap343@e.ntu.edu.sg
U3320607B,Tan Yi Xuan,Data Science & AI,1,tan344@e.ntu.edu.sg
U7795747F,Foo Xin Yi,Data Science & AI,2,foo345@e.ntu.edu.sg
U7980236G,Loh Wen Ru,Data Science & AI,2,loh346@e.ntu.edu.sg
U6807266O,Low Jia Min,Computer Engineering,2,low347@e.ntu.edu.sg
U8311173P,Sim Zhi Han,Information Engineering & Media,3,sim348@e.ntu.edu.sg
U6268624D,Sim Wen Ru,Data Science & AI,1,sim349@e.ntu.edu.sg
U8491816Q,Go Jia Min,Information Engineering & Media,3,go350@e.ntu.edu.sg
U7217202M,Sim Jia Xin,Business & Computer Engineering,1,sim351@e.ntu.edu.sg
U7535976K,Tan Jian Hong,Information Engineering & Media,1,tan352@e.ntu.edu.sg
U1550469Q,Chan Li Xuan,Computer Engineering,3,cha353@e.ntu.edu.sg
U2474151L,Yap Wen Ru,Information Engineering & Media,3,yap354@e.ntu.edu.sg
U0991665S,Quek Xin Rui,Data Science & AI,4,que355@e.ntu.edu.sg
U9827828G,Chan Jia Hao,Business & Computer Science,2,cha356@e.ntu.edu.sg
U0000975Z,Foo Li Ting,Data Science & AI,4,foo357@e.ntu.edu.sg
U8069452V,Lee Li Wei,Business & Computer Engineering,2,lee358@e.ntu.edu.sg
U5381555V,Sim Li Xuan,Business & Computer Science,1,sim359@e.ntu.edu.sg
U4702681Q,Foo Wen Jie,Computer Science,1,foo360@e.ntu.edu.sg
U6804122G,Koh Xue Ying,Business & Computer Engineering,1,koh361@e.ntu.edu.sg
U5092911R,Quek Hao Ran,Business & Computer Engineering,1,que362@e.ntu.edu.sg
U1531553I,Chan Jian Hong,Data Science & AI,3,cha363@e.ntu.edu.sg
U7432137B,Goh Jia Hao,Computer Science,4,goh364@e.ntu.edu.sg
U0812416E,Foo Jun Wei,Computer Engineering,1,foo365@e.ntu.edu.sg
U3286841Z,Lee Ying Jie,Computer Engineering,3,lee366@e.ntu.edu.sg
U6060092W,Chew Ying Jie,Data Science & AI,3,che367@e.ntu.edu.sg
U8160693D,Low Yi En,Data Science & AI,4,low368@e.ntu.edu.sg
U7024417A,Chew Jia Hao,Data Science & AI,3,che369@e.ntu.edu.sg
U7095332V,Tan Rui Yang,Business & Computer Science,1,tan370@e.ntu.edu.sg
U0867249H,Loh Yu Han,Business & Computer Engineering,3,loh371@e.ntu.edu.sg
U6010555O,Yeo Pei Xuan,Computer Science,3,yeo372@e.ntu.edu.sg
U1546580P,Chia Jia Min,Information Engineering & Media,1,chi373@e.ntu.edu.sg
U8201505U,Goh Jia Min,Business & Computer Engineering,2,goh374@e.ntu.edu.sg
U3017691R,Chia Jia Hao,Business & Computer Science,2,chi375@e.ntu.edu.sg
U9372220D,Lee Ying Jie,Business & Computer Engineering,4,lee376@e.ntu.edu.sg
U1650790M,Low Yi Xuan,Computer Engineering,3,low377@e.ntu.edu.sg
U7322779T,Teo Yi Xuan,Computer Science,4,teo378@e.ntu.edu.sg
U8871779V,Teo Kai Xin,Business & Computer Engineering,1,teo379@e.ntu.edu.sg
U4633978R,Ng Wei Ling,Business & Computer Science,3,ng380@e.ntu.edu.sg
U9220104X,Chua Hao Ran,Business & Computer Engineering,2,chu381@e.ntu.edu.sg
U3332868K,Chew Rui En,Information Engineering & Media,4,che382@e.ntu.edu.sg
U4001393Z,Koh Zhi Xin,Computer Science,3,koh383@e.ntu.edu.sg
U7511950R,Chia Jian Hong,Computer Science,4,chi384@e.ntu.edu.sg
U3798038F,Sim Rui Yang,Business & Computer Engineering,4,sim385@e.ntu.edu.sg
U2989830T,Quek Ying Jie,Computer Science,2,que386@e.ntu.edu.sg
U7343963R,Yeo Li Ting,Computer Science,4,yeo387@e.ntu.edu.sg
U2201585I,Chew Li Wei,Computer Science,2,che388@e.ntu.edu.sg
U0564111W,Koh Jun Wei,Computer Science,3,koh389@e.ntu.edu.sg
U8726504C,Ong Jun Wei,Business & Computer Science,4,ong390@e.ntu.edu.sg
U7261419D,Koh Pei Xuan,Business & Computer Science,3,koh391@e.ntu.edu.sg
U7953513G,Teo Hao Ran,Computer Science,3,teo392@e.ntu.edu.sg
U9538949L,Sim Yi Xuan,Data Science & AI,1,sim393@e.ntu.edu.sg
U5844646S,Yeo Jia Min,Business & Computer Engineering,1,yeo394@e.ntu.edu.sg
U4116542E,Quek Rui Yang,Data Science & AI,2,que395@e.ntu.edu.sg
U3209948A,Yap Yi Xuan,Business & Computer Engineering,4,yap396@e.ntu.edu.sg
U1420092B,Quek Jia Min,Computer Science,4,que397@e.ntu.edu.sg
U8723599K,Foo Li Ting,Information Engineering & Media,3,foo398@e.ntu.edu.sg
U1659191V,Go Wen Jie,Information Engineering & Media,1,go399@e.ntu.edu.sg
U4509505V,Quek En Qi,Computer Science,2,que400@e.ntu.edu.sg
U6703798Y,Low Yi Xuan,Business & Computer Engineering,2,low401@e.ntu.edu.sg
U7993136B,Foo Yi En,Information Engineering & Media,2,foo402@e.ntu.edu.sg
U3551500I,Chan Kai Xin,Business & Computer Science,4,cha403@e.ntu.edu.sg
U5181250L,Ng En Qi,Business & Computer Engineering,3,ng404@e.ntu.edu.sg
U4744903Q,Tan Jia Hao,Data Science & AI,1,tan405@e.ntu.edu.sg
U0365141R,Chia En Qi,Business & Computer Science,2,chi406@e.ntu.edu.sg
U9965741D,Ong Hao Ran,Computer Science,2,ong407@e.ntu.edu.sg
U7750939J,Chan Ying Jie,Business & Computer Engineering,4,cha408@e.ntu.edu.sg
U3709877G,Ong Xin Yi,Business & Computer Science,3,ong409@e.ntu.edu.sg
U7587340U,Teo Kai Jie,Business & Computer Engineering,3,teo410@e.ntu.edu.sg
U5549991E,Chan Rui Yang,Business & Computer Engineering,1,cha411@e.ntu.edu.sg
U2408195V,Lim Rui En,Business & Computer Engineering,1,lim412@e.ntu.edu.sg
U8821597K,Chua Xin Yi,Business & Computer Science,1,chu413@e.ntu.edu.sg
U1160984X,Ong Kai Jie,Information Engineering & Media,1,ong414@e.ntu.edu.sg
U0010256X,Chew Xue Ying,Business & Computer Science,4,che415@e.ntu.edu.sg
U0261452V,Lim Jing Wen,Business & Computer Engineering,4,lim416@e.ntu.edu.sg
U6777831E,Ng Li Xuan,Business & Computer Engineering,1,ng417@e.ntu.edu.sg
U5758435R,Yeo Jun Wei,Business & Computer Engineering,3,yeo418@e.ntu.edu.sg
U5831831V,Chua Yi En,Business & Computer Engineering,2,chu419@e.ntu.edu.sg
U9057354Z,Ong Hao Ran,Information Engineering & Media,1,ong420@e.ntu.edu.sg
U1313461B,Quek Kai Jie,Computer Science,1,que421@e.ntu.edu.sg
U4564630J,Chan Wei Ling,Information Engineering & Media,4,cha422@e.ntu.edu.sg
U5246827G,Lim Rui Yang,Business & Computer Science,4,lim423@e.ntu.edu.sg
U1246091E,Yeo Zhi Han,Business & Computer Engineering,1,yeo424@e.ntu.edu.sg
U2828226Y,Loh Rui Yang,Business & Computer Engineering,3,loh425@e.ntu.edu.sg
U8173263S,Sim Jun Wei,Data Science & AI,3,sim426@e.ntu.edu.sg
U3514688K,Foo Jia Min,Business & Computer Science,4,foo427@e.ntu.edu.sg
U8538295Q,Chua Wen Ru,Data Science & AI,1,chu428@e.ntu.edu.sg
U5307263D,Teo Rui En,Computer Engineering,2,teo429@e.ntu.edu.sg
U6505160K,Loh Zhi Xin,Business & Computer Engineering,2,loh430@e.ntu.edu.sg
U9147883I,Chew Yi Xuan,Computer Engineering,3,che431@e.ntu.edu.sg
U6992718G,Yeo Li Xuan,Business & Computer Engineering,4,yeo432@e.ntu.edu.sg
U0505059Y,Lee Jing Wen,Computer Science,4,lee433@e.ntu.edu.sg
U5579086X,Chan Pei Xuan,Business & Computer Engineering,2,cha434@e.ntu.edu.sg
U9589971V,Koh Xin Rui,Information Engineering & Media,4,koh435@e.ntu.edu.sg
U8892748U,Koh Zhi Wei,Computer Engineering,3,koh436@e.ntu.edu.sg
U9035010R,Lim En Qi,Business & Computer Engineering,1,lim437@e.ntu.edu.sg
U6088065Q,Teo Kai Jie,Business & Computer Science,3,teo438@e.ntu.edu.sg
U3015049B,Yap Hao Ran,Data Science & AI,2,yap439@e.ntu.edu.sg
U1191519X,Low Yi Xuan,Computer Science,2,low440@e.ntu.edu.sg
U3076848F,Low Wei Ling,Computer Science,2,low441@e.ntu.edu.sg
U5119661U,Ng Li Xuan,Data Science & AI,4,ng442@e.ntu.edu.sg
U9528461H,Sim Yu Han,Business & Computer Science,3,sim443@e.ntu.edu.sg
U3196974S,Goh Xin Rui,Computer Science,2,goh444@e.ntu.edu.sg
U3962323V,Loh Jian Hong,Data Science & AI,4,loh445@e.ntu.edu.sg
U2636646C,Teo Xin Rui,Information Engineering & Media,4,teo446@e.ntu.edu.sg
U0785548G,Yap Jia Hao,Computer Engineering,2,yap447@e.ntu.edu.sg
U8647934N,Koh En Qi,Business & Computer Science,4,koh448@e.ntu.edu.sg
U7796454A,Ng Zhi Han,Business & Computer Science,4,ng449@e.ntu.edu.sg
U7823181X,Tan Jing Wen,Computer Engineering,2,tan450@e.ntu.edu.sg
U2487698V,Loh Rui Yang,Information Engineering & Media,1,loh451@e.ntu.edu.sg
U5126894O,Quek Yi Xuan,Data Science & AI,3,que452@e.ntu.edu.sg
U8169899P,Koh En Qi,Computer Science,4,koh453@e.ntu.edu.sg
U8637959O,Chew Xue Ying,Business & Computer Science,4,che454@e.ntu.edu.sg
U2554100E,Foo Jian Hong,Information Engineering & Media,4,foo455@e.ntu.edu.sg
U8449721C,Low Li Xuan,Business & Computer Engineering,2,low456@e.ntu.edu.sg
U0452748V,Yeo Jian Hong,Computer Engineering,3,yeo457@e.ntu.edu.sg
U0929247O,Chan Yi En,Data Science & AI,2,cha458@e.ntu.edu.sg
U8274484G,Low Rui Yang,Data Science & AI,4,low459@e.ntu.edu.sg
U3112804R,Ong Rui En,Computer Science,3,ong460@e.ntu.edu.sg
U0929777N,Go Ying Jie,Data Science & AI,1,go461@e.ntu.edu.sg
U6236517Q,Chia Jing Wen,Data Science & AI,2,chi462@e.ntu.edu.sg
U8952868C,Ng Li Wei,Computer Science,4,ng463@e.ntu.edu.sg
U3634101E,Go Zhi Xin,Data Science & AI,2,go464@e.ntu.edu.sg
U1158629L,Goh En Qi,Computer Science,4,goh465@e.ntu.edu.sg
U2556737M,Yeo Xue Ying,Computer Engineering,2,yeo466@e.ntu.edu.sg
U0122717F,Foo Yu Han,Computer Engineering,4,foo467@e.ntu.edu.sg
U1153476Z,Koh Zhi Han,Data Science & AI,4,koh468@e.ntu.edu.sg
U0250800P,Quek Kai Jie,Business & Computer Science,1,que469@e.ntu.edu.sg
U0520419A,Go Hao Ran,Information Engineering & Media,3,go470@e.ntu.edu.sg
U1947968G,Yeo Rui Yang,Computer Engineering,1,yeo471@e.ntu.edu.sg
U6669499R,Ng Yu Han,Data Science & AI,3,ng472@e.ntu.edu.sg
U6382438O,Foo Wen Ru,Information Engineering & Media,1,foo473@e.ntu.edu.sg
U7081265H,Lim Hao Ran,Business & Computer Science,1,lim474@e.ntu.edu.sg
U0298057J,Ong Yi En,Computer Science,2,ong475@e.ntu.edu.sg
U3445543Q,Sim Hao Ran,Computer Engineering,2,sim476@e.ntu.edu.sg
U8340041E,Yap Wen Jie,Information Engineering & Media,4,yap477@e.ntu.edu.sg
U3174346L,Chia Hao Ran,Information Engineering & Media,3,chi478@e.ntu.edu.sg
U8804087R,Teo Jian Hong,Computer Science,3,teo479@e.ntu.edu.sg
U1036968T,Foo En Qi,Computer Engineering,1,foo480@e.ntu.edu.sg
U1788034Y,Yap Kai Xin,Computer Engineering,3,yap481@e.ntu.edu.sg
U2435461B,Loh En Qi,Data Science & AI,3,loh482@e.ntu.edu.sg
U2591222T,Foo En Qi,Information Engineering & Media,1,foo483@e.ntu.edu.sg
U3432951N,Goh Li Ting,Data Science & AI,4,goh484@e.ntu.edu.sg
U6134099A,Sim Jun Wei,Business & Computer Science,3,sim485@e.ntu.edu.sg
U6157732W,Sim Xue Ying,Data Science & AI,4,sim486@e.ntu.edu.sg
U0648867K,Go Jun Wei,Computer Engineering,4,go487@e.ntu.edu.sg
U1503917U,Foo Jia Min,Computer Engineering,1,foo488@e.ntu.edu.sg
U3176100E,Chua Xin Rui,Information Engineering & Media,4,chu489@e.ntu.edu.sg
U2730242E,Chan Hao Ran,Data Science & AI,4,cha490@e.ntu.edu.sg
U4245893O,Loh Xin Yi,Information Engineering & Media,1,loh491@e.ntu.edu.sg
U6053689M,Lee Hao Ran,Data Science & AI,1,lee492@e.ntu.edu.sg
U3439855B,Chew Jia Hao,Business & Computer Science,1,che493@e.ntu.edu.sg
U7528832Z,Koh Pei Xuan,Computer Science,3,koh494@e.ntu.edu.sg
U6873300X,Ong Jun Wei,Information Engineering & Media,4,ong495@e.ntu.edu.sg
U1794645W,Chia Ming Hui,Computer Science,2,chi496@e.ntu.edu.sg
U9855208Z,Tan Li Wei,Business & Computer Engineering,1,tan497@e.ntu.edu.sg
U5324070G,Low Kai Xin,Information Engineering & Media,4,low498@e.ntu.edu.sg
U9246560Z,Chua Kai Jie,Business & Computer Engineering,4,chu499@e.ntu.edu.sg
U7211976L,Yap Li Xuan,Computer Science,2,yap500@e.ntu.edu.sg